Ref;Description;Value;Footprint;Mfr.;Mfr. Part Nr.;Distributor;Order Number;Qnty
R1, R4;Resistor;10k;R_Axial_DIN0207_L6.3mm_D2.5mm_P10.16mm_Horizontal;Yageo;MFR-25FBF52-10K;;;2;
R2;Resistor;100k;R_Axial_DIN0207_L6.3mm_D2.5mm_P10.16mm_Horizontal;Yageo;MFR-25FBF52-100K;;;1;
R3;Resistor;4,7k;R_Axial_DIN0207_L6.3mm_D2.5mm_P10.16mm_Horizontal;Yageo;MFR-25FBF52-4K7;;;1;
T1, T2;0.1A Ic, 45V Vce, Small Signal NPN Transistor, TO-92;BC547;TO-92_Inline;ON Semiconductor / Fairchild;BC547ATA;;;2;
T3;0.5A Id, 60V Vds, N-Channel MOSFET, TO-92;BS170;TO-92_Inline;ON Semiconductor / Fairchild;BS170;;;1;
X1;Generic connector, single row, 01x04, script generated (kicad-library-utils/schlib/autogen/connector/);USART;PinHeader_1x04_P2.54mm_Horizontal;Harwin;M20-9960445;;;1;
X2;Generic connector, single row, 01x03, script generated (kicad-library-utils/schlib/autogen/connector/);1-Wire;PinHeader_1x03_P2.54mm_Horizontal;Harwin;M20-9750346;;;1;
