Ref,Val,Package,PosX,PosY,Rot,Side
"R1","10k","R_Axial_DIN0207_L6.3mm_D2.5mm_P10.16mm_Horizontal",10.328000,18.796000,0.000000,top
"R2","100k","R_Axial_DIN0207_L6.3mm_D2.5mm_P10.16mm_Horizontal",10.328000,22.098000,0.000000,top
"R3","4,7k","R_Axial_DIN0207_L6.3mm_D2.5mm_P10.16mm_Horizontal",10.328000,25.400000,0.000000,top
"R4","10k","R_Axial_DIN0207_L6.3mm_D2.5mm_P10.16mm_Horizontal",21.590000,14.605000,0.000000,top
"T1","BC547","TO-92_Inline",24.679000,20.828000,270.000000,top
"T2","BC547","TO-92_Inline",30.480000,22.098000,270.000000,top
"T3","BS170","TO-92_Inline",25.400000,10.033000,0.000000,top
"X1","USART","PinHeader_1x04_P2.54mm_Horizontal",4.953000,13.716000,180.000000,top
"X2","1-Wire","PinHeader_1x03_P2.54mm_Horizontal",35.306000,20.040000,0.000000,top
